{
  "Total" : {
    "transaction" : "Total",
    "sampleCount" : 166,
    "errorCount" : 0,
    "errorPct" : 0.0,
    "meanResTime" : 799.8915662650602,
    "medianResTime" : 792.0,
    "minResTime" : 764.0,
    "maxResTime" : 1338.0,
    "pct1ResTime" : 816.3,
    "pct2ResTime" : 828.3,
    "pct3ResTime" : 1237.5000000000018,
    "throughput" : 2.7562846611098197,
    "receivedKBytesPerSec" : 12.817800347856407,
    "sentKBytesPerSec" : 0.35261063535682263
  },
  "book API" : {
    "transaction" : "book API",
    "sampleCount" : 166,
    "errorCount" : 0,
    "errorPct" : 0.0,
    "meanResTime" : 799.8915662650602,
    "medianResTime" : 792.0,
    "minResTime" : 764.0,
    "maxResTime" : 1338.0,
    "pct1ResTime" : 816.3,
    "pct2ResTime" : 828.3,
    "pct3ResTime" : 1237.5000000000018,
    "throughput" : 2.7562846611098197,
    "receivedKBytesPerSec" : 12.817800347856407,
    "sentKBytesPerSec" : 0.35261063535682263
  }
}